<?xml version="1.0" encoding="UTF-8"?>
<project-private xmlns="http://www.netbeans.org/ns/project-private/1">
    <editor-bookmarks xmlns="http://www.netbeans.org/ns/editor-bookmarks/2" lastBookmarkId="0"/>
    <open-files xmlns="http://www.netbeans.org/ns/projectui-open-files/2">
        <group>
            <file>file:/home/bli/NetBeansProjects/UFOs/src/ufos/UFOGUI.java</file>
            <file>file:/home/bli/NetBeansProjects/UFOs/src/ufos/UFOs.java</file>
            <file>file:/home/bli/NetBeansProjects/UFOs/src/ufos/DrawArea.java</file>
            <file>file:/home/bli/NetBeansProjects/UFOs/src/ufos/UFO.java</file>
        </group>
    </open-files>
</project-private>
